name,mutations,group,original_mean,original_std,bootstrap_mean,bootstrap_std,ci_lower,ci_upper,n_samples
G1_mutant_000,L6LEU-L81LEU-C24ALA-C98ALA,G1,-770.8854500000001,3.1451653821116192,-770.85646735,0.7052765697805979,-772.1651662500001,-769.49315125,60
G1_mutant_002,L6LEU-L81LEU-C24VAL-C98ALA,G1,-768.3831999999999,4.71239757377635,-768.40864075,1.036386224072336,-770.31114125,-766.30005125,60
G1_mutant_009,L6ILE-L81LEU-C24ALA-C98ALA,G1,-769.2476333333335,3.6437664623603645,-769.2702764,0.7823856744969403,-770.8414475,-767.7409399999999,60
G1_mutant_011,L6ILE-L81LEU-C24VAL-C98ALA,G1,-764.5094000000003,3.1678693481055396,-764.4955107,0.6951874666271672,-765.81527375,-763.0679875,60
G1_mutant_012,L6ILE-L81ILE-C24ALA-C98ALA,G1,-768.7841000000001,3.91187388472584,-768.7840551499999,0.8977138815379713,-770.4320275,-766.959485,60
G2_mutant_004,L142LEU-M175ILE-C161ALA-C230VAL,G2,-766.3399000000002,2.7900440241448954,-766.35220515,0.6125694233317406,-767.4941025,-765.11462625,60
G2_mutant_005,L142LEU-M175ILE-C161VAL-C230ALA,G2,-767.7803833333332,3.7827175729082443,-767.7846521999999,0.852870201035985,-769.41544875,-766.1020775,60
G2_mutant_006,L142LEU-M175MET-C161ALA-C230ALA,G2,-762.9782333333335,2.0608494718332904,-762.9796493499999,0.45601775575307885,-763.8703525,-762.08338625,60
G2_mutant_008,L142LEU-M175MET-C161VAL-C230ALA,G2,-770.0915333333331,3.195802405586973,-770.0773982,0.7082784360064615,-771.325445,-768.59706125,60
G2_mutant_017,L142ILE-M175MET-C161VAL-C230ALA,G2,-766.8422166666666,2.8593336641699523,-766.8720564500001,0.644560942588754,-768.0992349999999,-765.6005499999999,60
